URL,IP,地区,,URL,IP,地区,,URL,IP,地区
s1.serv00.com,85.232.241.109,波兰,,panel1.serv00.com,213.189.54.126,波兰,,web1.serv00.com,31.186.83.254,波兰
s2.serv00.com,31.186.86.47,波兰,,panel2.serv00.com,128.204.223.47,波兰,,web2.serv00.com,128.204.223.46,波兰
s3.serv00.com,91.185.189.19,波兰,,panel3.serv00.com,128.204.223.71,波兰,,web3.serv00.com,128.204.223.70,波兰
s4.serv00.com,213.189.52.181,波兰,,panel4.serv00.com,128.204.223.95,波兰,,web4.serv00.com,128.204.223.94,波兰
s5.serv00.com,85.194.243.117,波兰,,panel5.serv00.com,128.204.223.99,波兰,,web5.serv00.com,128.204.223.98,波兰
s6.serv00.com,85.194.242.89,波兰,,panel6.serv00.com,128.204.223.101,波兰,,web6.serv00.com,128.204.223.100,波兰
s7.serv00.com,85.194.244.91,波兰,,panel7.serv00.com,128.204.223.120,波兰,,web7.serv00.com,128.204.223.119,波兰
s8.serv00.com,31.186.85.171,波兰,,panel8.serv00.com,128.204.223.114,波兰,,web8.serv00.com,128.204.223.113,波兰
s9.serv00.com,91.185.186.151,波兰,,panel9.serv00.com,128.204.223.116,波兰,,web9.serv00.com,128.204.223.115,波兰
s10.serv00.com,91.185.190.159,波兰,,panel10.serv00.com,128.204.223.112,波兰,,web10.serv00.com,128.204.223.111,波兰
s11.serv00.com,31.186.87.205,波兰,,panel11.serv00.com,128.204.223.118,波兰,,web11.serv00.com,128.204.223.117,波兰
s12.serv00.com,213.189.53.91,波兰,,panel12.serv00.com,85.194.246.115,波兰,,web12.serv00.com,85.194.246.69,波兰
s13.serv00.com,31.186.87.211,波兰,,panel13.serv00.com,128.204.223.43,波兰,,web13.serv00.com,128.204.223.42,波兰
s14.serv00.com,188.68.234.53,波兰,,panel14.serv00.com,188.68.240.161,波兰,,web14.serv00.com,188.68.240.160,波兰
s15.serv00.com,188.68.248.8,波兰,,panel15.serv00.com,188.68.250.202,波兰,,web15.serv00.com,188.68.250.201,波兰
s16.serv00.com,213.136.83.240,德国,,panel16.serv00.com,207.180.248.7,德国,,web16.serv00.com,207.180.248.6,德国
s17.serv00.com,128.204.218.63,波兰,,panel17.serv00.com,128.204.218.63,波兰,,web17.serv00.com,128.204.218.63,波兰
